<?xml version="1.0" encoding="UTF-8"?>
<project-private xmlns="http://www.netbeans.org/ns/project-private/1">
    <editor-bookmarks xmlns="http://www.netbeans.org/ns/editor-bookmarks/2" lastBookmarkId="0"/>
    <open-files xmlns="http://www.netbeans.org/ns/projectui-open-files/2">
        <group>
            <file>file:/C:/Users/Maia/Documents/NetBeansProjects/ShortestPath/src/shortestpath/BiHeap.java</file>
            <file>file:/C:/Users/Maia/Documents/NetBeansProjects/ShortestPath/src/shortestpath/Edge.java</file>
            <file>file:/C:/Users/Maia/Documents/NetBeansProjects/ShortestPath/src/shortestpath/Main.java</file>
            <file>file:/C:/Users/Maia/Documents/NetBeansProjects/ShortestPath/src/shortestpath/Test.java</file>
            <file>file:/C:/Users/Maia/Documents/NetBeansProjects/ShortestPath/src/shortestpath/Node.java</file>
            <file>file:/C:/Users/Maia/Documents/NetBeansProjects/ShortestPath/src/shortestpath/Input.java</file>
        </group>
    </open-files>
</project-private>
